<?xml version="1.0" encoding="UTF-8"?>
<configuration>
    <!-- Console appender -->
    <appender name="console" class="ch.qos.logback.core.ConsoleAppender">
        <encoder>
            <pattern>%d [%thread] %-5level %logger{35} - %msg%n</pattern>
        </encoder>
    </appender>

    <!-- Rolling file appender -->
    <appender name="file" class="ch.qos.logback.core.rolling.RollingFileAppender">
        <file>logs/myapp.log</file> <!-- Change this to the path and name of your desired log file -->
        <rollingPolicy class="ch.qos.logback.core.rolling.TimeBasedRollingPolicy">
            <fileNamePattern>logs/myapp.%d{yyyy-MM-dd}.log</fileNamePattern>
            <maxHistory>7</maxHistory> <!-- Change this to the number of days of logs you want to keep -->
        </rollingPolicy>
        <encoder>
            <pattern>%d [%thread] %-5level %logger{35} - %msg%n</pattern>
        </encoder>
    </appender>

    <!-- Logger for console output -->
    <logger name="com.example" level="DEBUG"> <!-- Change this to the package name of your application -->
        <appender-ref ref="console" />
    </logger>

    <!-- Logger for file output -->
    <logger name="com.example" level="DEBUG"> <!-- Change this to the package name of your application -->
        <appender-ref ref="file" />
    </logger>

    <root level="INFO">
        <appender-ref ref="console" />
        <appender-ref ref="file" />
    </root>
</configuration>
